Data;Índice de Variação de Aluguéis Residenciais (IVAR) - Média Nacional (1463201);Índice de Variação de Aluguéis Residenciais (IVAR) - São Paulo(1463202);Índice de Variação de Aluguéis Residenciais (IVAR) - Rio de Janeiro (1463203);Índice de Variação de Aluguéis Residenciais (IVAR) - Belo Horizonte(1463204);Índice de Variação de Aluguéis Residenciais (IVAR) - Porto Alegre(1463205);Sondagem da Construção – Nível de Utilização da Capacidade Instalada(1428409);ICST Com ajuste Sazonal - Índice de Confiança da Construção (CNAE 2.0)(1416232);IE-CST Com ajuste Sazonal - Índice de Expectativas da Construção (CNAE 2.0)(1416233);ISA-CST Com ajuste Sazonal - Índice da Situação Atual da Construção (CNAE 2.0)(1416234);INCC-Brasil-DI-Todos os itens(1464783);INCC-Brasil-M-Todos os itens(1465235);INCC-Brasil-10-Todos os itens(1464331);INCC-M - 1º Decêndio (%)(1000379);INCC-M - 2º Decêndio (%)(1000366);INCC-M - Fechamento mensal (%)(1000370)
07/1996; - ; - ; - ; - ; - ; - ; - ; - ; - ;149,095;149,224;147,979; - ; - ;1,52
08/1996; - ; - ; - ; - ; - ; - ; - ; - ; - ;149,445;150,334;149,044; - ; - ;0,74
09/1996; - ; - ; - ; - ; - ; - ; - ; - ; - ;149,772;150,564;149,305; - ; - ;0,15
10/1996; - ; - ; - ; - ; - ; - ; - ; - ; - ;150,157;150,915;149,580; - ; - ;0,23
11/1996; - ; - ; - ; - ; - ; - ; - ; - ; - ;151,035;151,345;149,978; - ; - ;0,29
12/1996; - ; - ; - ; - ; - ; - ; - ; - ; - ;151,922;152,079;150,738; - ; - ;0,49
01/1997; - ; - ; - ; - ; - ; - ; - ; - ; - ;152,408;153,107;151,771; - ; - ;0,68
02/1997; - ; - ; - ; - ; - ; - ; - ; - ; - ;153,147;153,588;152,314; - ; - ;0,31
03/1997; - ; - ; - ; - ; - ; - ; - ; - ; - ;154,260;154,228;152,975; - ; - ;0,42
04/1997; - ; - ; - ; - ; - ; - ; - ; - ; - ;154,616;155,358;154,014; - ; - ;0,73
05/1997; - ; - ; - ; - ; - ; - ; - ; - ; - ;155,953;155,823;154,490; - ; - ;0,30
06/1997; - ; - ; - ; - ; - ; - ; - ; - ; - ;157,687;157,373;156,016; - ; - ;1,00
07/1997; - ; - ; - ; - ; - ; - ; - ; - ; - ;158,485;158,855;157,515; - ; - ;0,94
08/1997; - ; - ; - ; - ; - ; - ; - ; - ; - ;160,352;159,724;158,361; - ; - ;0,55
09/1997; - ; - ; - ; - ; - ; - ; - ; - ; - ;160,780;161,604;160,317; - ; - ;1,18
10/1997; - ; - ; - ; - ; - ; - ; - ; - ; - ;161,024;161,953;160,710; - ; - ;0,22
11/1997; - ; - ; - ; - ; - ; - ; - ; - ; - ;161,897;162,317;161,012; - ; - ;0,22
12/1997; - ; - ; - ; - ; - ; - ; - ; - ; - ;162,271;163,165;161,889; - ; - ;0,52
01/1998; - ; - ; - ; - ; - ; - ; - ; - ; - ;162,805;163,644;162,343; - ; - ;0,29
02/1998; - ; - ; - ; - ; - ; - ; - ; - ; - ;163,593;164,428;162,813; - ; - ;0,48
03/1998; - ; - ; - ; - ; - ; - ; - ; - ; - ;164,361;164,935;163,656; - ; - ;0,31
04/1998; - ; - ; - ; - ; - ; - ; - ; - ; - ;163,535;164,169;162,885; - ; - ;-0,46
05/1998; - ; - ; - ; - ; - ; - ; - ; - ; - ;165,133;164,933;163,607; - ; - ;0,47
06/1998; - ; - ; - ; - ; - ; - ; - ; - ; - ;165,781;166,356;165,165; - ; - ;0,86
07/1998; - ; - ; - ; - ; - ; - ; - ; - ; - ;166,345;167,063;165,836; - ; - ;0,42
08/1998; - ; - ; - ; - ; - ; - ; - ; - ; - ;166,705;167,554;166,359; - ; - ;0,29
09/1998; - ; - ; - ; - ; - ; - ; - ; - ; - ;166,729;167,698;166,551; - ; - ;0,09
10/1998; - ; - ; - ; - ; - ; - ; - ; - ; - ;166,738;167,780;166,644; - ; - ;0,05
11/1998; - ; - ; - ; - ; - ; - ; - ; - ; - ;166,657;167,662;166,556; - ; - ;-0,07
12/1998; - ; - ; - ; - ; - ; - ; - ; - ; - ;166,733;167,652;166,537; - ; - ;-0,01
01/1999; - ; - ; - ; - ; - ; - ; - ; - ; - ;167,648;168,008;166,746; - ; - ;0,21
02/1999; - ; - ; - ; - ; - ; - ; - ; - ; - ;169,288;169,054;167,580; - ; - ;0,62
03/1999; - ; - ; - ; - ; - ; - ; - ; - ; - ;170,221;170,587;169,280; - ; - ;0,91
04/1999; - ; - ; - ; - ; - ; - ; - ; - ; - ;171,100;171,584;170,354; - ; - ;0,58
05/1999; - ; - ; - ; - ; - ; - ; - ; - ; - ;172,578;172,233;171,051; - ; - ;0,38
06/1999; - ; - ; - ; - ; - ; - ; - ; - ; - ;173,279;173,750;172,570; - ; - ;0,88
07/1999; - ; - ; - ; - ; - ; - ; - ; - ; - ;174,074;174,466;173,140; - ; - ;0,41
08/1999; - ; - ; - ; - ; - ; - ; - ; - ; - ;175,280;175,370;174,037; - ; - ;0,52
09/1999; - ; - ; - ; - ; - ; - ; - ; - ; - ;176,785;176,824;175,454; - ; - ;0,83
10/1999; - ; - ; - ; - ; - ; - ; - ; - ; - ;178,574;178,217;177,007; - ; - ;0,79
11/1999; - ; - ; - ; - ; - ; - ; - ; - ; - ;180,207;180,382;179,031; - ; - ;1,22
12/1999; - ; - ; - ; - ; - ; - ; - ; - ; - ;182,084;181,839;180,640; - ; - ;0,81
01/2000; - ; - ; - ; - ; - ; - ; - ; - ; - ;184,039;183,929;182,675; - ; - ;1,15
02/2000; - ; - ; - ; - ; - ; - ; - ; - ; - ;185,461;185,572;184,474; - ; - ;0,89
03/2000; - ; - ; - ; - ; - ; - ; - ; - ; - ;186,492;187,092;185,928; - ; - ;0,82
04/2000; - ; - ; - ; - ; - ; - ; - ; - ; - ;187,604;188,389;187,272; - ; - ;0,69
05/2000; - ; - ; - ; - ; - ; - ; - ; - ; - ;190,136;189,463;188,173; - ; - ;0,57
06/2000; - ; - ; - ; - ; - ; - ; - ; - ; - ;191,527;191,521;190,429; - ; - ;1,09
07/2000; - ; - ; - ; - ; - ; - ; - ; - ; - ;192,104;193,104;191,991; - ; - ;0,83
08/2000; - ; - ; - ; - ; - ; - ; - ; - ; - ;192,846;193,786;192,581; - ; - ;0,35
09/2000; - ; - ; - ; - ; - ; - ; - ; - ; - ;193,342;194,365;193,168; - ; - ;0,30
10/2000; - ; - ; - ; - ; - ; - ; - ; - ; - ;193,984;194,914;193,650; - ; - ;0,28
11/2000; - ; - ; - ; - ; - ; - ; - ; - ; - ;194,789;195,488;194,308; - ; - ;0,29
12/2000; - ; - ; - ; - ; - ; - ; - ; - ; - ;196,037;196,450;195,181; - ; - ;0,49
01/2001; - ; - ; - ; - ; - ; - ; - ; - ; - ;197,174;197,233;195,831; - ; - ;0,40
02/2001; - ; - ; - ; - ; - ; - ; - ; - ; - ;197,849;198,325;197,072; - ; - ;0,55
03/2001; - ; - ; - ; - ; - ; - ; - ; - ; - ;198,388;198,996;197,671; - ; - ;0,34
04/2001; - ; - ; - ; - ; - ; - ; - ; - ; - ;199,112;199,545;198,189; - ; - ;0,28
05/2001; - ; - ; - ; - ; - ; - ; - ; - ; - ;203,321;203,530;200,840; - ; - ;2,00
06/2001; - ; - ; - ; - ; - ; - ; - ; - ; - ;205,682;204,931;203,251; - ; - ;0,69
07/2001; - ; - ; - ; - ; - ; - ; - ; - ; - ;206,742;207,117;205,534; - ; - ;1,07
08/2001; - ; - ; - ; - ; - ; - ; - ; - ; - ;208,026;208,272;206,590; - ; - ;0,56
09/2001; - ; - ; - ; - ; - ; - ; - ; - ; - ;209,174;209,510;207,819; - ; - ;0,59
10/2001; - ; - ; - ; - ; - ; - ; - ; - ; - ;211,122;211,431;209,652; - ; - ;0,92
11/2001; - ; - ; - ; - ; - ; - ; - ; - ; - ;212,676;212,700;210,988; - ; - ;0,60
12/2001; - ; - ; - ; - ; - ; - ; - ; - ; - ;213,393;214,194;212,521; - ; - ;0,70
01/2002; - ; - ; - ; - ; - ; - ; - ; - ; - ;214,162;215,058;213,199; - ; - ;0,40
02/2002; - ; - ; - ; - ; - ; - ; - ; - ; - ;215,399;215,734;213,935; - ; - ;0,31
03/2002; - ; - ; - ; - ; - ; - ; - ; - ; - ;216,577;217,554;215,083; - ; - ;0,84
04/2002; - ; - ; - ; - ; - ; - ; - ; - ; - ;217,288;218,259;216,151; - ; - ;0,32
05/2002; - ; - ; - ; - ; - ; - ; - ; - ; - ;222,793;223,644;221,525; - ; - ;2,47
06/2002; - ; - ; - ; - ; - ; - ; - ; - ; - ;224,054;224,117;222,334; - ; - ;0,21
07/2002; - ; - ; - ; - ; - ; - ; - ; - ; - ;224,712;225,529;223,662; - ; - ;0,63
08/2002; - ; - ; - ; - ; - ; - ; - ; - ; - ;226,968;227,376;224,460; - ; - ;0,82
09/2002; - ; - ; - ; - ; - ; - ; - ; - ; - ;228,576;228,913;226,830; - ; - ;0,68
10/2002; - ; - ; - ; - ; - ; - ; - ; - ; - ;231,167;230,787;228,456; - ; - ;0,82
11/2002; - ; - ; - ; - ; - ; - ; - ; - ; - ;236,830;235,843;231,572; - ; - ;2,19
12/2002; - ; - ; - ; - ; - ; - ; - ; - ; - ;240,861;240,868;237,942; - ; - ;2,13
01/2003; - ; - ; - ; - ; - ; - ; - ; - ; - ;244,489;244,354;241,131; - ; - ;1,45
02/2003; - ; - ; - ; - ; - ; - ; - ; - ; - ;247,898;248,262;244,522; - ; - ;1,60
03/2003; - ; - ; - ; - ; - ; - ; - ; - ; - ;251,318;251,695;248,129; - ; - ;1,38
04/2003; - ; - ; - ; - ; - ; - ; - ; - ; - ;253,585;253,744;251,369; - ; - ;0,81
05/2003; - ; - ; - ; - ; - ; - ; - ; - ; - ;260,778;261,311;253,310; - ; - ;2,98
06/2003; - ; - ; - ; - ; - ; - ; - ; - ; - ;263,516;263,244;261,414; - ; - ;0,74
07/2003; - ; - ; - ; - ; - ; - ; - ; - ; - ;266,132;264,785;262,836; - ; - ;0,59
08/2003; - ; - ; - ; - ; - ; - ; - ; - ; - ;269,967;270,623;268,760; - ; - ;2,20
09/2003; - ; - ; - ; - ; - ; - ; - ; - ; - ;270,555;271,284;269,101; - ; - ;0,24
10/2003; - ; - ; - ; - ; - ; - ; - ; - ; - ;272,325;272,552;270,541; - ; - ;0,47
11/2003; - ; - ; - ; - ; - ; - ; - ; - ; - ;275,152;273,706;271,766; - ; - ;0,42
12/2003; - ; - ; - ; - ; - ; - ; - ; - ; - ;275,594;276,424;274,372; - ; - ;0,99
01/2004; - ; - ; - ; - ; - ; - ; - ; - ; - ;276,490;277,201;274,903; - ; - ;0,28
02/2004; - ; - ; - ; - ; - ; - ; - ; - ; - ;279,243;278,521;275,881; - ; - ;0,48
03/2004; - ; - ; - ; - ; - ; - ; - ; - ; - ;282,470;282,956;279,156; - ; - ;1,59
04/2004; - ; - ; - ; - ; - ; - ; - ; - ; - ;284,128;284,665;282,016; - ; - ;0,60
05/2004; - ; - ; - ; - ; - ; - ; - ; - ; - ;289,317;289,627;283,979; - ; - ;1,74
06/2004; - ; - ; - ; - ; - ; - ; - ; - ; - ;291,348;291,239;288,790; - ; - ;0,56
07/2004; - ; - ; - ; - ; - ; - ; - ; - ; - ;294,625;294,509;291,959; - ; - ;1,12
08/2004; - ; - ; - ; - ; - ; - ; - ; - ; - ;297,003;297,162;294,278; - ; - ;0,90
09/2004; - ; - ; - ; - ; - ; - ; - ; - ; - ;298,722;299,140;296,469; - ; - ;0,67
10/2004; - ; - ; - ; - ; - ; - ; - ; - ; - ;302,275;301,975;298,893; - ; - ;0,95
11/2004; - ; - ; - ; - ; - ; - ; - ; - ; - ;304,429;304,810;301,907; - ; - ;0,94
12/2004; - ; - ; - ; - ; - ; - ; - ; - ; - ;305,974;306,655;304,092; - ; - ;0,61
01/2005; - ; - ; - ; - ; - ; - ; - ; - ; - ;308,284;308,802;306,210;0,27;0,65;0,70
02/2005; - ; - ; - ; - ; - ; - ; - ; - ; - ;309,646;310,105;307,662;0,41;0,50;0,42
03/2005; - ; - ; - ; - ; - ; - ; - ; - ; - ;311,733;312,300;309,839;0,32;0,70;0,71
04/2005; - ; - ; - ; - ; - ; - ; - ; - ; - ;313,977;313,497;311,022;0,36;0,39;0,38
05/2005; - ; - ; - ; - ; - ; - ; - ; - ; - ;320,524;315,200;313,003;0,57;0,56;0,54
06/2005; - ; - ; - ; - ; - ; - ; - ; - ; - ;322,974;322,150;319,919;2,10;2,20;2,20
07/2005; - ; - ; - ; - ; - ; - ; - ; - ; - ;323,332;324,236;321,966;0,58;0,65;0,65
08/2005; - ; - ; - ; - ; - ; - ; - ; - ; - ;323,382;324,394;322,260;-0,05;0,03;0,05
09/2005; - ; - ; - ; - ; - ; - ; - ; - ; - ;324,164;324,575;322,264;-0,04;0,00;0,06
10/2005; - ; - ; - ; - ; - ; - ; - ; - ; - ;324,782;325,485;323,164;0,22;0,31;0,28
11/2005; - ; - ; - ; - ; - ; - ; - ; - ; - ;325,703;326,416;324,074;0,17;0,32;0,29
12/2005; - ; - ; - ; - ; - ; - ; - ; - ; - ;326,915;327,645;325,353;0,21;0,40;0,38
01/2006; - ; - ; - ; - ; - ; - ; - ; - ; - ;328,042;328,427;325,859;0,13;0,19;0,24
02/2006; - ; - ; - ; - ; - ; - ; - ; - ; - ;328,651;329,360;326,993;0,35;0,34;0,28
03/2006; - ; - ; - ; - ; - ; - ; - ; - ; - ;329,320;330,108;327,512;0,11;0,19;0,23
04/2006; - ; - ; - ; - ; - ; - ; - ; - ; - ;330,501;330,787;328,171;0,14;0,16;0,21
05/2006; - ; - ; - ; - ; - ; - ; - ; - ; - ;334,867;333,459;329,795;0,45;0,53;0,81
06/2006; - ; - ; - ; - ; - ; - ; - ; - ; - ;337,892;338,302;335,551;1,80;1,81;1,45
07/2006; - ; - ; - ; - ; - ; - ; - ; - ; - ;339,484;340,232;337,306;0,59;0,59;0,57
08/2006; - ; - ; - ; - ; - ; - ; - ; - ; - ;340,283;341,438;338,682;0,51;0,40;0,35
09/2006; - ; - ; - ; - ; - ; - ; - ; - ; - ;340,670;341,731;339,211;0,06;0,07;0,09
10/2006; - ; - ; - ; - ; - ; - ; - ; - ; - ;341,369;342,352;339,683;0,15;0,15;0,18
11/2006; - ; - ; - ; - ; - ; - ; - ; - ; - ;342,159;343,137;340,453;0,19;0,21;0,23
12/2006; - ; - ; - ; - ; - ; - ; - ; - ; - ;343,401;344,171;341,292;0,26;0,24;0,30
01/2007; - ; - ; - ; - ; - ; - ; - ; - ; - ;344,943;345,713;342,633;0,37;0,38;0,45
02/2007; - ; - ; - ; - ; - ; - ; - ; - ; - ;345,682;346,629;343,975;0,34;0,28;0,26
03/2007; - ; - ; - ; - ; - ; - ; - ; - ; - ;346,617;347,227;344,693;0,25;0,21;0,17
04/2007; - ; - ; - ; - ; - ; - ; - ; - ; - ;348,194;348,729;345,898;0,43;0,48;0,43
05/2007; - ; - ; - ; - ; - ; - ; - ; - ; - ;352,204;350,631;347,405;0,54;0,47;0,55
06/2007; - ; - ; - ; - ; - ; - ; - ; - ; - ;355,456;356,503;352,642;1,79;1,71;1,67
07/2007; - ; - ; - ; - ; - ; - ; - ; - ; - ;356,545;357,269;354,604;0,09;0,25;0,21
08/2007; - ; - ; - ; - ; - ; - ; - ; - ; - ;357,467;358,534;355,645;0,42;0,37;0,35
09/2007; - ; - ; - ; - ; - ; - ; - ; - ; - ;359,276;359,916;356,777;0,13;0,32;0,39
10/2007; - ; - ; - ; - ; - ; - ; - ; - ; - ;361,102;361,672;358,520;0,41;0,48;0,49
11/2007; - ; - ; - ; - ; - ; - ; - ; - ; - ;362,403;363,397;360,374;0,59;0,53;0,48
12/2007; - ; - ; - ; - ; - ; - ; - ; - ; - ;364,525;364,972;361,580;0,17;0,30;0,43
01/2008; - ; - ; - ; - ; - ; - ; - ; - ; - ;365,906;366,471;363,551;0,52;0,44;0,41
02/2008; - ; - ; - ; - ; - ; - ; - ; - ; - ;367,382;368,062;365,133;0,52;0,47;0,43
03/2008; - ; - ; - ; - ; - ; - ; - ; - ; - ;369,812;370,251;366,928;0,34;0,52;0,59
04/2008; - ; - ; - ; - ; - ; - ; - ; - ; - ;373,031;373,302;369,623;0,59;0,75;0,82
05/2008; - ; - ; - ; - ; - ; - ; - ; - ; - ;380,582;377,419;372,773;0,79;0,82;1,10
06/2008; - ; - ; - ; - ; - ; - ; - ; - ; - ;387,906;387,512;382,694;2,72;2,84;2,67
07/2008; - ; - ; - ; - ; - ; - ; - ; - ; - ;393,556;393,018;388,442;1,38;1,34;1,42
08/2008; - ; - ; - ; - ; - ; - ; - ; - ; - ;398,202;398,015;393,991;1,40;1,32;1,27
09/2008; - ; - ; - ; - ; - ; - ; - ; - ; - ;401,975;401,797;397,713;1,17;0,91;0,95
10/2008; - ; - ; - ; - ; - ; - ; - ; - ; - ;405,090;405,212;401,693;0,97;0,89;0,85
11/2008; - ; - ; - ; - ; - ; - ; - ; - ; - ;407,109;407,860;404,657;0,70;0,71;0,65
12/2008; - ; - ; - ; - ; - ; - ; - ; - ; - ;407,807;408,765;405,993;0,27;0,25;0,22
01/2009; - ; - ; - ; - ; - ; - ; - ; - ; - ;409,166;409,811;406,663;0,13;0,15;0,26
02/2009; - ; - ; - ; - ; - ; - ; - ; - ; - ;410,262;411,249;408,428;0,43;0,43;0,35
03/2009; - ; - ; - ; - ; - ; - ; - ; - ; - ;409,216;410,569;408,465;0,16;-0,04;-0,17
04/2009; - ; - ; - ; - ; - ; - ; - ; - ; - ;409,042;410,531;407,366;-0,08;-0,24;-0,01
05/2009; - ; - ; - ; - ; - ; - ; - ; - ; - ;414,742;411,570;407,843;-0,36;-0,10;0,25
06/2009; - ; - ; - ; - ; - ; - ; - ; - ; - ;417,657;417,860;414,595;1,76;1,72;1,53
07/2009; - ; - ; - ; - ; - ; - ; - ; - ; - ;418,757;419,422;416,584;0,49;0,33;0,37
08/2009; - ; - ; - ; - ; - ; - ; - ; - ; - ;418,528;419,468;417,501;0,30;0,20;0,01
09/2009; - ; - ; - ; - ; - ; - ; - ; - ; - ;419,147;419,758;417,023;0,00;-0,04;0,07
10/2009; - ; - ; - ; - ; - ; - ; - ; - ; - ;419,405;420,298;417,864;0,19;0,13;0,13
11/2009; - ; - ; - ; - ; - ; - ; - ; - ; - ;420,635;421,070;418,322;0,04;0,12;0,18
12/2009; - ; - ; - ; - ; - ; - ; - ; - ; - ;421,051;421,908;419,376;0,28;0,22;0,20
01/2010; - ; - ; - ; - ; - ; - ; - ; - ; - ;423,740;424,094;420,618;0,07;0,40;0,52
02/2010; - ; - ; - ; - ; - ; - ; - ; - ; - ;425,268;425,590;422,943;0,41;0,39;0,35
03/2010; - ; - ; - ; - ; - ; - ; - ; - ; - ;428,476;427,498;424,358;0,45;0,37;0,45
04/2010; - ; - ; - ; - ; - ; - ; - ; - ; - ;432,079;432,491;428,637;1,12;1,25;1,17
05/2010; - ; - ; - ; - ; - ; - ; - ; - ; - ;439,914;436,499;431,939;0,55;0,66;0,93
06/2010; - ; - ; - ; - ; - ; - ; - ; - ; - ;444,718;444,243;440,629;2,18;2,09;1,77
07/2010; - ; - ; - ; - ; - ; - ;116,000;115,200;116,500;446,688;446,992;443,823;0,89;0,72;0,62
08/2010; - ; - ; - ; - ; - ; - ;115,000;112,900;116,800;447,296;447,996;445,391;0,27;0,27;0,22
09/2010; - ; - ; - ; - ; - ; - ;112,800;111,200;114,200;448,222;448,892;445,969;0,08;0,14;0,20
10/2010; - ; - ; - ; - ; - ; - ;112,200;110,200;114,000;449,103;449,587;446,864;0,12;0,15;0,15
11/2010; - ; - ; - ; - ; - ; - ;111,500;110,000;112,800;450,763;451,215;447,948;0,22;0,29;0,36
12/2010; - ; - ; - ; - ; - ; - ;112,000;111,400;112,500;453,766;453,876;450,165;0,28;0,51;0,59
01/2011; - ; - ; - ; - ; - ; - ;111,700;111,600;111,600;455,619;455,562;452,434;0,62;0,38;0,37
02/2011; - ; - ; - ; - ; - ; - ;111,600;112,000;111,100;456,917;457,333;454,338;0,52;0,42;0,39
03/2011; - ; - ; - ; - ; - ; - ;109,800;109,400;110,100;458,887;459,360;455,846;0,23;0,37;0,44
04/2011; - ; - ; - ; - ; - ; - ;110,700;111,100;110,200;463,766;462,793;458,230;0,23;0,50;0,75
05/2011; - ; - ; - ; - ; - ; - ;111,200;112,700;109,600;477,405;472,203;465,430;0,94;1,67;2,03
06/2011; - ; - ; - ; - ; - ; - ;109,500;109,600;109,200;479,183;478,935;475,566;2,97;1,82;1,43
07/2011; - ; - ; - ; - ; - ; - ;109,200;110,300;107,800;481,330;481,768;477,853;0,66;0,63;0,59
08/2011; - ; - ; - ; - ; - ; - ;107,600;107,300;107,600;481,966;482,518;479,345;0,16;0,18;0,16
09/2011; - ; - ; - ; - ; - ; - ;104,500;105,700;103,300;482,658;483,199;479,843;0,10;0,09;0,14
10/2011; - ; - ; - ; - ; - ; - ;104,400;104,700;104,200;483,758;484,185;480,597;0,09;0,12;0,20
11/2011; - ; - ; - ; - ; - ; - ;104,700;104,000;105,500;487,221;486,610;482,463;0,16;0,37;0,50
12/2011; - ; - ; - ; - ; - ; - ;104,600;104,500;104,600;487,749;488,298;485,010;0,71;0,43;0,35
01/2012; - ; - ; - ; - ; - ; - ;105,300;106,800;103,900;492,106;491,549;487,118;0,10;0,60;0,67
02/2012; - ; - ; - ; - ; - ; - ;106,800;107,600;105,800;493,584;493,608;490,313;0,95;0,52;0,42
03/2012; - ; - ; - ; - ; - ; - ;105,300;107,100;103,500;496,079;495,433;491,242;0,33;0,29;0,37
04/2012; - ; - ; - ; - ; - ; - ;103,900;104,400;103,500;499,791;499,548;494,712;0,76;0,82;0,83
05/2012; - ; - ; - ; - ; - ; - ;104,200;103,700;104,600;509,184;506,020;498,981;0,61;0,81;1,30
06/2012; - ; - ; - ; - ; - ; - ;103,600;103,700;103,500;512,903;512,628;507,305;1,99;1,58;1,31
07/2012; - ; - ; - ; - ; - ; - ;103,100;102,400;103,800;516,318;516,963;511,590;0,79;0,91;0,85
08/2012; - ; - ; - ; - ; - ; - ;102,500;103,700;101,400;517,657;518,616;514,120;0,39;0,36;0,32
09/2012; - ; - ; - ; - ; - ; - ;103,800;104,000;103,600;518,816;519,681;515,003;0,16;0,14;0,21
10/2012; - ; - ; - ; - ; - ; - ;102,400;100,600;104,200;519,907;520,940;516,249;0,21;0,21;0,24
11/2012; - ; - ; - ; - ; - ; - ;102,200;102,600;101,700;521,638;522,136;517,364;0,14;0,17;0,23
12/2012; - ; - ; - ; - ; - ; - ;101,500;101,500;101,500;522,474;523,624;519,204;0,36;0,34;0,29
01/2013; - ; - ; - ; - ; - ; - ;101,300;101,600;101,000;525,850;525,651;520,060;0,08;0,19;0,39
02/2013; - ; - ; - ; - ; - ; - ;100,700;100,400;101,000;529,029;529,879;524,437;1,15;0,98;0,80
03/2013; - ; - ; - ; - ; - ; - ;101,400;103,900;98,900;531,691;531,339;526,353;0,27;0,20;0,28
04/2013; - ; - ; - ; - ; - ;80,30;101,100;103,300;98,900;535,601;535,777;529,757;0,67;0,74;0,84
05/2013; - ; - ; - ; - ; - ;79,30;100,400;102,100;98,800;547,655;542,402;533,946;0,66;0,68;1,24
06/2013; - ; - ; - ; - ; - ;80,80;100,200;102,400;98,000;553,948;553,007;547,167;2,40;2,41;1,96
07/2013; - ; - ; - ; - ; - ;80,70;99,200;100,500;97,900;556,600;557,040;551,070;1,01;0,78;0,73
08/2013; - ; - ; - ; - ; - ;82,00;97,300;98,300;96,500;558,340;558,777;552,996;0,33;0,26;0,31
09/2013; - ; - ; - ; - ; - ;82,90;98,900;98,400;99,500;560,767;561,203;554,854;0,33;0,30;0,43
10/2013; - ; - ; - ; - ; - ;81,60;99,900;101,500;98,300;562,241;563,034;557,314;0,35;0,31;0,33
11/2013; - ; - ; - ; - ; - ;81,50;98,900;99,500;98,400;564,201;564,558;559,112;0,15;0,27;0,27
12/2013; - ; - ; - ; - ; - ;79,80;98,200;97,700;98,600;564,765;565,786;560,593;0,36;0,26;0,22
01/2014; - ; - ; - ; - ; - ;79,40;98,400;98,400;98,500;569,720;569,745;562,584;0,06;0,53;0,70
02/2014; - ; - ; - ; - ; - ;81,10;97,000;96,700;97,500;571,577;572,254;566,513;0,54;0,47;0,44
03/2014; - ; - ; - ; - ; - ;80,60;96,400;95,900;97,200;573,156;573,505;568,297;0,21;0,25;0,22
04/2014; - ; - ; - ; - ; - ;80,90;93,000;91,800;94,300;578,224;577,322;570,491;0,35;0,47;0,67
05/2014; - ; - ; - ; - ; - ;81,30;94,300;91,600;97,000;590,099;585,207;576,526;0,92;1,06;1,37
06/2014; - ; - ; - ; - ; - ;78,60;92,500;90,600;94,600;594,013;592,510;586,801;1,91;1,67;1,25
07/2014; - ; - ; - ; - ; - ;79,50;91,400;89,600;93,300;598,441;597,251;590,177;0,33;0,67;0,80
08/2014; - ; - ; - ; - ; - ;80,40;91,600;90,600;92,600;598,898;598,387;592,833;0,44;0,23;0,19
09/2014; - ; - ; - ; - ; - ;79,30;89,900;88,000;91,700;599,823;599,333;593,694;0,12;0,20;0,16
10/2014; - ; - ; - ; - ; - ;78,70;87,600;86,700;88,700;600,865;600,549;594,542;0,09;0,15;0,20
11/2014; - ; - ; - ; - ; - ;78,00;87,300;85,900;88,900;603,524;602,360;595,468;0,16;0,14;0,30
12/2014; - ; - ; - ; - ; - ;78,40;87,800;86,400;89,400;604,026;603,895;597,963;0,41;0,28;0,25
01/2015; - ; - ; - ; - ; - ;76,00;84,600;84,800;84,600;609,568;608,131;600,037;0,08;0,46;0,70
02/2015; - ; - ; - ; - ; - ;75,10;80,600;80,300;81,300;611,447;611,188;604,838;0,67;0,61;0,50
03/2015; - ; - ; - ; - ; - ;73,10;77,300;77,100;77,900;615,248;613,374;606,290;0,20;0,22;0,36
04/2015; - ; - ; - ; - ; - ;71,70;77,400;78,900;76,300;618,060;617,360;610,480;0,69;0,72;0,65
05/2015; - ; - ; - ; - ; - ;70,60;75,100;76,500;74,100;623,951;620,121;612,763;0,27;0,30;0,45
06/2015; - ; - ; - ; - ; - ;70,40;76,300;78,800;74,200;635,403;631,747;621,810;0,90;1,67;1,87
07/2015; - ; - ; - ; - ; - ;69,40;73,000;74,800;71,600;638,880;635,935;629,313;1,52;0,72;0,66
08/2015; - ; - ; - ; - ; - ;68,00;72,200;75,500;69,600;642,644;641,019;634,169;0,94;0,87;0,80
09/2015; - ; - ; - ; - ; - ;66,90;69,900;72,200;68,300;644,046;642,407;636,470;0,09;0,11;0,22
10/2015; - ; - ; - ; - ; - ;65,90;68,500;71,400;66,200;646,355;644,123;637,955;0,12;0,14;0,27
11/2015; - ; - ; - ; - ; - ;68,80;70,000;73,800;66,900;648,542;646,721;640,291;0,23;0,29;0,40
12/2015; - ; - ; - ; - ; - ;67,90;69,100;72,000;66,800;649,216;647,492;642,188;0,22;0,17;0,12
01/2016; - ; - ; - ; - ; - ;67,50;67,300;70,100;65,200;651,759;649,592;643,575;0,05;0,27;0,32
02/2016; - ; - ; - ; - ; - ;67,00;67,900;72,700;63,700;655,263;652,975;645,946;0,31;0,40;0,52
03/2016; - ; - ; - ; - ; - ;65,70;67,600;72,700;62,900;659,446;658,149;649,793;0,30;0,50;0,79
04/2016; - ; - ; - ; - ; - ;63,20;66,900;72,100;62,300;663,057;660,853;654,179;0,00;0,26;0,41
05/2016; - ; - ; - ; - ; - ;63,70;68,700;77,000;60,800;663,610;662,089;656,335;0,25;0,28;0,19
06/2016; - ; - ; - ; - ; - ;63,60;68,900;76,500;61,900;676,420;672,156;659,580;0,08;0,48;1,52
07/2016; - ; - ; - ; - ; - ;64,40;70,400;78,700;62,600;679,751;679,469;671,167;1,69;1,46;1,09
08/2016; - ; - ; - ; - ; - ;64,50;72,300;81,700;63,600;681,756;681,230;672,728;0,10;0,19;0,26
09/2016; - ; - ; - ; - ; - ;64,80;73,400;83,300;63,900;684,025;683,764;675,042;0,23;0,34;0,37
10/2016; - ; - ; - ; - ; - ;64,90;73,800;84,000;64,000;685,489;684,955;676,527;0,04;0,12;0,17
11/2016; - ; - ; - ; - ; - ;64,20;72,400;82,000;63,400;686,607;686,118;677,638;0,27;0,13;0,17
12/2016; - ; - ; - ; - ; - ;63,10;71,500;80,400;63,300;688,985;688,610;679,710;0,12;0,32;0,36
01/2017; - ; - ; - ; - ; - ;63,80;74,200;84,000;64,800;691,792;690,614;681,747;0,22;0,24;0,29
02/2017; - ; - ; - ; - ; - ;63,40;74,100;85,800;62,700;696,314;694,258;684,177;0,39;0,35;0,53
03/2017; - ; - ; - ; - ; - ;63,00;74,900;87,600;62,600;697,410;696,782;688,182;0,54;0,52;0,36
04/2017; - ; - ; - ; - ; - ;62,80;75,700;86,900;64,900;697,244;696,216;688,052;-0,14;-0,09;-0,08
05/2017; - ; - ; - ; - ; - ;62,10;74,200;85,400;63,300;701,664;697,117;687,949;-0,06;0,00;0,13
06/2017; - ; - ; - ; - ; - ;61,50;74,800;85,900;64,100;708,197;706,596;694,257;1,43;1,33;1,36
07/2017; - ; - ; - ; - ; - ;61,80;74,900;85,600;64,700;710,355;708,135;698,553;0,06;0,13;0,22
08/2017; - ; - ; - ; - ; - ;62,10;76,300;87,800;65,200;712,884;710,954;700,420;0,18;0,31;0,40
09/2017; - ; - ; - ; - ; - ;65,60;77,300;88,900;66,200;713,330;711,971;702,867;0,19;0,22;0,14
10/2017; - ; - ; - ; - ; - ;65,40;77,700;89,600;66,200;715,527;713,354;703,645;0,06;0,11;0,19
11/2017; - ; - ; - ; - ; - ;63,80;78,500;89,000;68,300;717,751;715,318;705,771;0,29;0,28;0,28
12/2017; - ; - ; - ; - ; - ;64,00;80,400;91,900;69,400;718,276;716,287;707,890;0,30;0,27;0,14
01/2018; - ; - ; - ; - ; - ;66,20;81,800;94,700;69,300;720,495;718,303;708,459;0,14;0,19;0,28
02/2018; - ; - ; - ; - ; - ;65,50;80,700;91,800;70,100;721,414;719,332;710,726;0,25;0,26;0,14
03/2018; - ; - ; - ; - ; - ;65,00;81,600;92,600;70,900;723,163;720,953;711,589;0,23;0,20;0,23
04/2018; - ; - ; - ; - ; - ;65,00;81,900;92,900;71,100;725,245;722,983;713,721;0,34;0,37;0,28
05/2018; - ; - ; - ; - ; - ;64,70;82,400;94,600;70,400;726,923;725,186;716,161;0,38;0,44;0,30
06/2018; - ; - ; - ; - ; - ;65,60;80,100;89,800;70,800;733,984;730,710;718,726;0,18;0,48;0,76
07/2018; - ; - ; - ; - ; - ;65,50;81,100;91,100;71,300;738,487;735,987;725,351;0,91;0,90;0,72
08/2018; - ; - ; - ; - ; - ;65,00;79,700;88,300;71,500;739,583;738,158;728,654;0,41;0,36;0,30
09/2018; - ; - ; - ; - ; - ;66,40;80,100;88,600;72,000;741,305;739,432;729,853;0,10;0,19;0,17
10/2018; - ; - ; - ; - ; - ;66,00;82,000;91,800;72,500;743,866;741,859;732,081;0,31;0,36;0,33
11/2018; - ; - ; - ; - ; - ;64,70;84,400;95,800;73,300;744,865;743,755;734,047;0,29;0,28;0,26
12/2018;100,000;100,000;100,000;100,000;100,000;66,60;84,800;95,900;74,000;745,856;744,699;734,933;0,06;0,10;0,13
01/2019;99,852;99,731;100,831;100,590;98,618;66,70;84,300;94,700;74,300;749,517;747,656;737,028;0,27;0,38;0,40
02/2019;100,043;100,482;100,794;100,279;98,456;67,00;84,200;95,000;73,800;750,180;749,111;740,039;0,25;0,29;0,19
03/2019;99,705;100,414;100,231;99,529;98,154;65,30;82,600;93,300;72,200;752,524;750,558;740,524;0,02;0,11;0,19
04/2019;99,062;100,296;99,800;97,362;97,262;66,20;82,800;92,400;73,400;755,373;754,203;743,088;0,36;0,39;0,49
05/2019;99,063;100,648;99,912;96,460;97,069;66,30;81,400;90,000;73,000;755,625;754,859;745,423;0,09;0,06;0,09
06/2019;99,901;101,605;100,734;97,406;97,686;68,30;83,600;93,300;74,000;762,304;758,177;745,754;-0,07;0,00;0,44
07/2019;101,081;102,493;101,095;100,125;99,400;68,90;85,600;96,300;75,200;766,699;765,053;753,800;1,22;0,93;0,91
08/2019;101,345;102,566;100,932;101,805;99,687;69,60;87,400;97,800;77,400;769,951;767,682;756,426;0,11;0,15;0,34
09/2019;100,532;101,788;99,660;101,111;99,247;69,40;87,000;96,700;77,500;773,520;772,310;762,422;0,50;0,67;0,60
10/2019;98,767;99,970;98,062;99,071;97,527;70,10;87,400;96,700;78,400;774,939;773,273;763,135;0,11;0,10;0,12
11/2019;96,188;97,379;95,288;95,538;95,662;70,50;88,800;97,500;80,400;775,225;774,421;764,691;0,29;0,24;0,15
12/2019;94,923;96,268;94,621;94,379;93,470;71,90;91,500;101,400;81,800;776,839;775,490;765,139;-0,12;0,00;0,14
01/2020;95,200;96,313;94,264;93,517;92,722;70,90;94,300;105,100;83,700;779,766;777,470;767,008;0,20;0,17;0,26
02/2020;97,868;100,312;96,908;95,730;93,379;70,60;92,700;99,400;86,200;782,336;780,184;770,338;0,37;0,44;0,35
03/2020;96,872;99,927;95,977;92,898;92,425;69,60;91,200;96,400;86,200;784,338;783,150;772,370;0,34;0,37;0,38
04/2020;95,773;99,572;95,368;90,340;90,683;57,60;64,800;59,400;70,800;786,070;784,523;774,598;0,16;0,22;0,18
05/2020;92,858;96,518;92,725;87,157;88,067;61,70;68,200;70,100;66,900;787,666;786,132;776,073;0,18;0,21;0,21
06/2020;93,638;97,198;93,027;88,902;88,701;68,00;77,100;83,300;71,400;790,331;788,616;777,686;0,27;0,25;0,32
07/2020;93,424;96,710;92,168;89,758;88,692;69,90;83,500;91,400;75,800;799,589;795,235;782,524;0,19;0,64;0,84
08/2020;93,524;96,346;92,544;90,286;89,156;73,50;87,500;93,600;81,700;805,356;801,777;790,447;1,26;0,96;0,82
09/2020;93,339;95,989;92,526;90,551;88,902;72,10;90,700;95,100;86,400;814,701;810,965;796,742;0,88;0,98;1,15
10/2020;95,529;97,732;94,896;93,644;91,161;74,50;94,400;97,700;91,300;828,778;824,636;808,766;1,26;1,50;1,69
11/2020;96,874;98,573;96,024;96,689;92,445;72,70;93,500;95,900;91,200;839,382;835,305;820,972;1,31;1,38;1,29
12/2020;98,799;100,405;98,412;99,370;93,776;72,90;93,700;95,300;92,200;845,268;842,683;830,143;1,24;1,20;0,88
01/2021;98,813;100,582;98,329;99,258;93,646;74,00;93,000;95,800;90,400;852,809;850,495;836,437;0,94;0,97;0,93
02/2021;98,265;100,535;97,904;97,725;92,780;73,30;92,400;94,700;90,100;868,929;859,573;844,608;0,60;1,00;1,07
03/2021;97,686;100,605;97,116;95,797;92,035;71,80;89,400;91,300;87,500;880,265;876,750;861,159;1,24;1,31;2,00
04/2021;96,663;99,543;96,130;95,092;90,895;77,10;84,600;85,500;84,000;888,191;885,093;871,830;1,04;1,30;0,95
05/2021;96,703;99,334;95,954;96,060;90,926;74,40;87,200;89,400;85,300;907,899;901,032;880,764;0,97;1,25;1,80
06/2021;97,103;98,578;95,615;98,993;92,189;77,40;92,200;95,200;89,300;927,512;921,762;905,486;2,25;2,75;2,30
07/2021;97,585;98,688;95,995;99,774;93,164;73,70;95,500;101,900;89,200;935,359;933,230;917,932;1,68;1,32;1,24
08/2021;97,717;98,329;96,298;100,217;93,838;73,10;96,100;100,500;91,900;939,699;938,475;925,219;0,48;0,58;0,56
09/2021;96,858;97,453;95,973;98,312;93,337;75,00;95,300;98,100;92,600;944,520;943,736;929,201;0,38;0,43;0,56
10/2021;96,790;97,337;96,439;98,670;92,798;75,60;95,000;98,500;91,700;952,596;951,249;934,120;0,25;0,33;0,80
11/2021;97,552;98,093;97,851;99,657;93,050;77,30;95,300;98,700;92,000;959,001;957,984;942,967;0,40;0,60;0,71
12/2021;98,196;98,567;98,863;100,826;93,446;76,40;96,900;100,900;93,100;962,321;960,894;948,042;0,51;0,30;0,30
01/2022;100,025;100,981;100,148;102,923;94,436;74,90;93,900;96,800;91,100;969,184;967,003;952,796;0,30;0,57;0,64
02/2022;102,946;103,380;102,700;106,835;97,842;75,20;94,500;98,300;90,800;972,904;971,651;958,565;0,51;0,44;0,48
03/2022;103,783;104,723;104,179;109,318;96,619;76,00;93,800;95,700;92,000;981,244;978,717;961,830;0,23;0,27;0,73
04/2022;104,630;106,058;104,498;109,237;97,411;75,80;97,000;100,300;94,000;990,543;987,218;973,064;1,03;1,36;0,87
05/2022;105,245;105,781;105,862;111,394;98,254;76,00;96,500;100,600;92,400;1013,164;1001,923;980,309;0,67;0,70;1,49
06/2022;104,919;106,694;105,584;106,805;97,989;77,10;97,200;100,900;93,800;1034,824;1030,105;1012,607;3,05;3,33;2,81
07/2022;106,025;107,565;105,993;109,466;99,042;77,90;96,500;98,800;94,500;1043,760;1042,029;1025,398;1,37;1,23;1,16
08/2022;107,887;108,681;107,217;112,859;101,643;77,70;97,900;99,600;96,300;1044,679;1045,469;1033,032;0,49;0,54;0,33
09/2022;107,867;108,488;108,038;113,151;101,269;78,00;100,200;103,200;97,300;1045,616;1046,507;1032,866;-0,07;0,07;0,10
10/2022;107,975;107,735;108,079;114,123;102,382;77,10;99,400;101,200;97,600;1046,896;1046,956;1032,948;-0,02;-0,06;0,04
11/2022;107,582;107,391;109,754;112,741;101,226;79,20;95,300;94,500;96,300;1050,701;1048,429;1034,889;0,03;0,17;0,14
12/2022;106,302;106,254;107,111;112,225;100,123;78,30;95,300;94,600;96,200;1051,632;1051,249;1038,604;0,46;0,38;0,27
01/2023;110,764;109,267;108,667;113,033;110,290;78,90;94,600;94,300;95,100;1056,418;1054,561;1040,094;0,28;0,35;0,32
02/2023;111,939;111,561;112,047;119,784;105,098;77,70;95,100;96,300;94,100;1056,896;1056,775;1043,529;0,31;0,23;0,21
03/2023;113,022;112,391;114,852;125,491;103,337;77,90;95,300;96,800;94,000;1060,116;1058,650;1044,810;-0,02;0,12;0,18
04/2023;113,884;114,978;114,567;120,681;104,621;79,80;95,200;96,200;94,500;1061,635;1061,071;1047,123;0,30;0,24;0,23
05/2023;113,817;112,658;118,177;124,405;104,277;79,90;94,500;96,000;93,300;1067,919;1065,289;1048,057;0,10;0,02;0,40
06/2023;113,271;114,398;114,901;118,213;104,143;80,20;94,000;95,000;93,200;1075,540;1074,292;1060,504;0,72;1,31;0,85
07/2023;113,844;113,993;116,055;121,213;104,743;79,50;95,200;96,500;94,100;1076,626;1074,895;1060,643;0,01;0,03;0,06
08/2023;115,967;115,657;117,321;124,653;107,358;79,00;95,500;96,700;94,600;1078,412;1077,497;1062,417;0,13;0,22;0,24
09/2023;113,950;115,262;118,583;124,631;100,028;79,40;96,500;97,500;95,800;1082,104;1080,071;1064,314;-0,04;0,13;0,24
10/2023;116,002;114,399;116,629;126,088;108,700;79,30;95,200;96,200;94,300;1084,242;1082,251;1068,145;0,23;0,28;0,20
11/2023;115,573;113,282;119,930;124,310;107,972;79,00;96,100;98,000;94,400;1084,986;1083,335;1070,105;0,18;0,26;0,10
12/2023;114,229;111,450;115,969;125,159;107,859;78,80;96,000;98,200;94,000;1088,312;1086,150;1070,214;-0,01;0,10;0,26
01/2024;119,188;115,530;117,466;124,960;118,498;77,10;95,800;97,200;94,700;1091,250;1088,663;1074,387;0,22;0,31;0,23
02/2024; - ; - ; - ; - ; - ;78,50;97,600;99,700;95,500; - ;1090,871;1075,467;0,29;0,14;0,20